[{"model": "admin.logentry", "pk": 1, "fields": {"action_time": "2024-10-05T08:35:52.085Z", "user": 1, "content_type": 7, "object_id": "1", "object_repr": "andrey andrey +996777111220", "action_flag": 1, "change_message": "[{\"added\": {}}]"}}, {"model": "admin.logentry", "pk": 2, "fields": {"action_time": "2024-10-05T08:36:05.257Z", "user": 1, "content_type": 7, "object_id": "2", "object_repr": "liza liza +996777111221", "action_flag": 1, "change_message": "[{\"added\": {}}]"}}, {"model": "admin.logentry", "pk": 3, "fields": {"action_time": "2024-10-05T08:36:17.994Z", "user": 1, "content_type": 7, "object_id": "3", "object_repr": "lesha lesha +996777111222", "action_flag": 1, "change_message": "[{\"added\": {}}]"}}, {"model": "admin.logentry", "pk": 4, "fields": {"action_time": "2024-10-05T08:36:33.208Z", "user": 1, "content_type": 7, "object_id": "4", "object_repr": "sanya sanya +996777111223", "action_flag": 1, "change_message": "[{\"added\": {}}]"}}, {"model": "admin.logentry", "pk": 5, "fields": {"action_time": "2024-10-05T08:36:47.277Z", "user": 1, "content_type": 9, "object_id": "1", "object_repr": "kab1", "action_flag": 1, "change_message": "[{\"added\": {}}]"}}, {"model": "admin.logentry", "pk": 6, "fields": {"action_time": "2024-10-05T08:37:00.996Z", "user": 1, "content_type": 11, "object_id": "1", "object_repr": "Понедельник", "action_flag": 1, "change_message": "[{\"added\": {}}]"}}, {"model": "admin.logentry", "pk": 7, "fields": {"action_time": "2024-10-05T08:37:04.106Z", "user": 1, "content_type": 12, "object_id": "1", "object_repr": "pn-sr-pt (classroom.DayOfWeek.None)", "action_flag": 1, "change_message": "[{\"added\": {}}]"}}, {"model": "admin.logentry", "pk": 8, "fields": {"action_time": "2024-10-05T08:37:21.455Z", "user": 1, "content_type": 11, "object_id": "2", "object_repr": "Вторник", "action_flag": 1, "change_message": "[{\"added\": {}}]"}}, {"model": "admin.logentry", "pk": 9, "fields": {"action_time": "2024-10-05T08:37:24.603Z", "user": 1, "content_type": 11, "object_id": "3", "object_repr": "Среда", "action_flag": 1, "change_message": "[{\"added\": {}}]"}}, {"model": "admin.logentry", "pk": 10, "fields": {"action_time": "2024-10-05T08:37:29.181Z", "user": 1, "content_type": 11, "object_id": "4", "object_repr": "Четверг", "action_flag": 1, "change_message": "[{\"added\": {}}]"}}, {"model": "admin.logentry", "pk": 11, "fields": {"action_time": "2024-10-05T08:37:32.934Z", "user": 1, "content_type": 11, "object_id": "5", "object_repr": "Пятница", "action_flag": 1, "change_message": "[{\"added\": {}}]"}}, {"model": "admin.logentry", "pk": 12, "fields": {"action_time": "2024-10-05T08:37:37.359Z", "user": 1, "content_type": 11, "object_id": "6", "object_repr": "Суббота", "action_flag": 1, "change_message": "[{\"added\": {}}]"}}, {"model": "admin.logentry", "pk": 13, "fields": {"action_time": "2024-10-05T08:37:42.420Z", "user": 1, "content_type": 11, "object_id": "7", "object_repr": "Воскресенье", "action_flag": 1, "change_message": "[{\"added\": {}}]"}}, {"model": "admin.logentry", "pk": 14, "fields": {"action_time": "2024-10-05T08:37:56.652Z", "user": 1, "content_type": 9, "object_id": "2", "object_repr": "kab2", "action_flag": 1, "change_message": "[{\"added\": {}}]"}}, {"model": "admin.logentry", "pk": 15, "fields": {"action_time": "2024-10-05T08:38:01.688Z", "user": 1, "content_type": 9, "object_id": "3", "object_repr": "kab3", "action_flag": 1, "change_message": "[{\"added\": {}}]"}}, {"model": "admin.logentry", "pk": 16, "fields": {"action_time": "2024-10-05T08:38:17.048Z", "user": 1, "content_type": 12, "object_id": "1", "object_repr": "pn-sr-pt (classroom.DayOfWeek.None)", "action_flag": 2, "change_message": "[{\"changed\": {\"fields\": [\"\\u0414\\u043d\\u0438\"]}}]"}}, {"model": "admin.logentry", "pk": 17, "fields": {"action_time": "2024-10-05T08:38:29.897Z", "user": 1, "content_type": 12, "object_id": "2", "object_repr": "vt-cht-sb (classroom.DayOfWeek.None)", "action_flag": 1, "change_message": "[{\"added\": {}}]"}}, {"model": "admin.logentry", "pk": 18, "fields": {"action_time": "2024-10-05T08:38:46.294Z", "user": 1, "content_type": 12, "object_id": "3", "object_repr": "vyhodnye (classroom.DayOfWeek.None)", "action_flag": 1, "change_message": "[{\"added\": {}}]"}}, {"model": "admin.logentry", "pk": 19, "fields": {"action_time": "2024-10-05T08:39:10.358Z", "user": 1, "content_type": 10, "object_id": "1", "object_repr": "utro (10:00:00:12:00:00)", "action_flag": 1, "change_message": "[{\"added\": {}}]"}}, {"model": "admin.logentry", "pk": 20, "fields": {"action_time": "2024-10-05T08:39:30.621Z", "user": 1, "content_type": 10, "object_id": "2", "object_repr": "vecher (18:00:00:20:00:00)", "action_flag": 1, "change_message": "[{\"added\": {}}]"}}, {"model": "admin.logentry", "pk": 21, "fields": {"action_time": "2024-10-05T08:40:09.036Z", "user": 1, "content_type": 10, "object_id": "3", "object_repr": "budni (13:00:00:15:00:00)", "action_flag": 1, "change_message": "[{\"added\": {}}]"}}, {"model": "admin.logentry", "pk": 22, "fields": {"action_time": "2024-10-05T08:40:55.303Z", "user": 1, "content_type": 8, "object_id": "1", "object_repr": "nachinaushie kab1", "action_flag": 1, "change_message": "[{\"added\": {}}]"}}, {"model": "admin.logentry", "pk": 23, "fields": {"action_time": "2024-10-05T08:41:22.066Z", "user": 1, "content_type": 8, "object_id": "2", "object_repr": "prodoljaushie kab2", "action_flag": 1, "change_message": "[{\"added\": {}}]"}}, {"model": "admin.logentry", "pk": 24, "fields": {"action_time": "2024-10-05T08:42:21.172Z", "user": 1, "content_type": 8, "object_id": "3", "object_repr": "deti kab3", "action_flag": 1, "change_message": "[{\"added\": {}}]"}}, {"model": "admin.logentry", "pk": 25, "fields": {"action_time": "2024-10-05T09:02:42.049Z", "user": 1, "content_type": 15, "object_id": "1", "object_repr": "lesson1 - prodoljaushie kab2", "action_flag": 1, "change_message": "[{\"added\": {}}]"}}, {"model": "admin.logentry", "pk": 26, "fields": {"action_time": "2024-10-05T09:02:55.203Z", "user": 1, "content_type": 16, "object_id": "1", "object_repr": "lesson1 - prodoljaushie kab2: task_lesson1task_lesson1task_lesson1", "action_flag": 1, "change_message": "[{\"added\": {}}]"}}, {"model": "auth.permission", "pk": 1, "fields": {"name": "Can add log entry", "content_type": 1, "codename": "add_logentry"}}, {"model": "auth.permission", "pk": 2, "fields": {"name": "Can change log entry", "content_type": 1, "codename": "change_logentry"}}, {"model": "auth.permission", "pk": 3, "fields": {"name": "Can delete log entry", "content_type": 1, "codename": "delete_logentry"}}, {"model": "auth.permission", "pk": 4, "fields": {"name": "Can view log entry", "content_type": 1, "codename": "view_logentry"}}, {"model": "auth.permission", "pk": 5, "fields": {"name": "Can add permission", "content_type": 2, "codename": "add_permission"}}, {"model": "auth.permission", "pk": 6, "fields": {"name": "Can change permission", "content_type": 2, "codename": "change_permission"}}, {"model": "auth.permission", "pk": 7, "fields": {"name": "Can delete permission", "content_type": 2, "codename": "delete_permission"}}, {"model": "auth.permission", "pk": 8, "fields": {"name": "Can view permission", "content_type": 2, "codename": "view_permission"}}, {"model": "auth.permission", "pk": 9, "fields": {"name": "Can add group", "content_type": 3, "codename": "add_group"}}, {"model": "auth.permission", "pk": 10, "fields": {"name": "Can change group", "content_type": 3, "codename": "change_group"}}, {"model": "auth.permission", "pk": 11, "fields": {"name": "Can delete group", "content_type": 3, "codename": "delete_group"}}, {"model": "auth.permission", "pk": 12, "fields": {"name": "Can view group", "content_type": 3, "codename": "view_group"}}, {"model": "auth.permission", "pk": 13, "fields": {"name": "Can add user", "content_type": 4, "codename": "add_user"}}, {"model": "auth.permission", "pk": 14, "fields": {"name": "Can change user", "content_type": 4, "codename": "change_user"}}, {"model": "auth.permission", "pk": 15, "fields": {"name": "Can delete user", "content_type": 4, "codename": "delete_user"}}, {"model": "auth.permission", "pk": 16, "fields": {"name": "Can view user", "content_type": 4, "codename": "view_user"}}, {"model": "auth.permission", "pk": 17, "fields": {"name": "Can add content type", "content_type": 5, "codename": "add_contenttype"}}, {"model": "auth.permission", "pk": 18, "fields": {"name": "Can change content type", "content_type": 5, "codename": "change_contenttype"}}, {"model": "auth.permission", "pk": 19, "fields": {"name": "Can delete content type", "content_type": 5, "codename": "delete_contenttype"}}, {"model": "auth.permission", "pk": 20, "fields": {"name": "Can view content type", "content_type": 5, "codename": "view_contenttype"}}, {"model": "auth.permission", "pk": 21, "fields": {"name": "Can add session", "content_type": 6, "codename": "add_session"}}, {"model": "auth.permission", "pk": 22, "fields": {"name": "Can change session", "content_type": 6, "codename": "change_session"}}, {"model": "auth.permission", "pk": 23, "fields": {"name": "Can delete session", "content_type": 6, "codename": "delete_session"}}, {"model": "auth.permission", "pk": 24, "fields": {"name": "Can view session", "content_type": 6, "codename": "view_session"}}, {"model": "auth.permission", "pk": 25, "fields": {"name": "Can add Студент", "content_type": 7, "codename": "add_student"}}, {"model": "auth.permission", "pk": 26, "fields": {"name": "Can change Студент", "content_type": 7, "codename": "change_student"}}, {"model": "auth.permission", "pk": 27, "fields": {"name": "Can delete Студент", "content_type": 7, "codename": "delete_student"}}, {"model": "auth.permission", "pk": 28, "fields": {"name": "Can view Студент", "content_type": 7, "codename": "view_student"}}, {"model": "auth.permission", "pk": 29, "fields": {"name": "Can add Группа", "content_type": 8, "codename": "add_studentgroup"}}, {"model": "auth.permission", "pk": 30, "fields": {"name": "Can change Группа", "content_type": 8, "codename": "change_studentgroup"}}, {"model": "auth.permission", "pk": 31, "fields": {"name": "Can delete Группа", "content_type": 8, "codename": "delete_studentgroup"}}, {"model": "auth.permission", "pk": 32, "fields": {"name": "Can view Группа", "content_type": 8, "codename": "view_studentgroup"}}, {"model": "auth.permission", "pk": 33, "fields": {"name": "Can add Кабинет", "content_type": 9, "codename": "add_classroom"}}, {"model": "auth.permission", "pk": 34, "fields": {"name": "Can change Кабинет", "content_type": 9, "codename": "change_classroom"}}, {"model": "auth.permission", "pk": 35, "fields": {"name": "Can delete Кабинет", "content_type": 9, "codename": "delete_classroom"}}, {"model": "auth.permission", "pk": 36, "fields": {"name": "Can view Кабинет", "content_type": 9, "codename": "view_classroom"}}, {"model": "auth.permission", "pk": 37, "fields": {"name": "Can add Время занятия", "content_type": 10, "codename": "add_classtime"}}, {"model": "auth.permission", "pk": 38, "fields": {"name": "Can change Время занятия", "content_type": 10, "codename": "change_classtime"}}, {"model": "auth.permission", "pk": 39, "fields": {"name": "Can delete Время занятия", "content_type": 10, "codename": "delete_classtime"}}, {"model": "auth.permission", "pk": 40, "fields": {"name": "Can view Время занятия", "content_type": 10, "codename": "view_classtime"}}, {"model": "auth.permission", "pk": 41, "fields": {"name": "Can add День недели", "content_type": 11, "codename": "add_dayofweek"}}, {"model": "auth.permission", "pk": 42, "fields": {"name": "Can change День недели", "content_type": 11, "codename": "change_dayofweek"}}, {"model": "auth.permission", "pk": 43, "fields": {"name": "Can delete День недели", "content_type": 11, "codename": "delete_dayofweek"}}, {"model": "auth.permission", "pk": 44, "fields": {"name": "Can view День недели", "content_type": 11, "codename": "view_dayofweek"}}, {"model": "auth.permission", "pk": 45, "fields": {"name": "Can add Расписание", "content_type": 12, "codename": "add_classschedule"}}, {"model": "auth.permission", "pk": 46, "fields": {"name": "Can change Расписание", "content_type": 12, "codename": "change_classschedule"}}, {"model": "auth.permission", "pk": 47, "fields": {"name": "Can delete Расписание", "content_type": 12, "codename": "delete_classschedule"}}, {"model": "auth.permission", "pk": 48, "fields": {"name": "Can view Расписание", "content_type": 12, "codename": "view_classschedule"}}, {"model": "auth.permission", "pk": 49, "fields": {"name": "Can add Задание студента", "content_type": 13, "codename": "add_studenttask"}}, {"model": "auth.permission", "pk": 50, "fields": {"name": "Can change Задание студента", "content_type": 13, "codename": "change_studenttask"}}, {"model": "auth.permission", "pk": 51, "fields": {"name": "Can delete Задание студента", "content_type": 13, "codename": "delete_studenttask"}}, {"model": "auth.permission", "pk": 52, "fields": {"name": "Can view Задание студента", "content_type": 13, "codename": "view_studenttask"}}, {"model": "auth.permission", "pk": 53, "fields": {"name": "Can add Пропуск студента", "content_type": 14, "codename": "add_studentattendance"}}, {"model": "auth.permission", "pk": 54, "fields": {"name": "Can change Пропуск студента", "content_type": 14, "codename": "change_studentattendance"}}, {"model": "auth.permission", "pk": 55, "fields": {"name": "Can delete Пропуск студента", "content_type": 14, "codename": "delete_studentattendance"}}, {"model": "auth.permission", "pk": 56, "fields": {"name": "Can view Пропуск студента", "content_type": 14, "codename": "view_studentattendance"}}, {"model": "auth.permission", "pk": 57, "fields": {"name": "Can add Занятие", "content_type": 15, "codename": "add_lesson"}}, {"model": "auth.permission", "pk": 58, "fields": {"name": "Can change Занятие", "content_type": 15, "codename": "change_lesson"}}, {"model": "auth.permission", "pk": 59, "fields": {"name": "Can delete Занятие", "content_type": 15, "codename": "delete_lesson"}}, {"model": "auth.permission", "pk": 60, "fields": {"name": "Can view Занятие", "content_type": 15, "codename": "view_lesson"}}, {"model": "auth.permission", "pk": 61, "fields": {"name": "Can add Задание", "content_type": 16, "codename": "add_task"}}, {"model": "auth.permission", "pk": 62, "fields": {"name": "Can change Задание", "content_type": 16, "codename": "change_task"}}, {"model": "auth.permission", "pk": 63, "fields": {"name": "Can delete Задание", "content_type": 16, "codename": "delete_task"}}, {"model": "auth.permission", "pk": 64, "fields": {"name": "Can view Задание", "content_type": 16, "codename": "view_task"}}, {"model": "auth.permission", "pk": 65, "fields": {"name": "Can add Отчёт посещаемости", "content_type": 17, "codename": "add_attendance"}}, {"model": "auth.permission", "pk": 66, "fields": {"name": "Can change Отчёт посещаемости", "content_type": 17, "codename": "change_attendance"}}, {"model": "auth.permission", "pk": 67, "fields": {"name": "Can delete Отчёт посещаемости", "content_type": 17, "codename": "delete_attendance"}}, {"model": "auth.permission", "pk": 68, "fields": {"name": "Can view Отчёт посещаемости", "content_type": 17, "codename": "view_attendance"}}, {"model": "auth.user", "pk": 1, "fields": {"password": "pbkdf2_sha256$600000$iyxQcBr5j2RuJl4zzjdwiC$fTrG4hrtDiEETdNUiHR4MOw6OmrO0my9D7gLshkvGs0=", "last_login": "2024-10-05T08:35:36.136Z", "is_superuser": true, "username": "admin", "first_name": "", "last_name": "", "email": "", "is_staff": true, "is_active": true, "date_joined": "2024-10-05T08:35:15.164Z", "groups": [], "user_permissions": []}}, {"model": "contenttypes.contenttype", "pk": 1, "fields": {"app_label": "admin", "model": "logentry"}}, {"model": "contenttypes.contenttype", "pk": 2, "fields": {"app_label": "auth", "model": "permission"}}, {"model": "contenttypes.contenttype", "pk": 3, "fields": {"app_label": "auth", "model": "group"}}, {"model": "contenttypes.contenttype", "pk": 4, "fields": {"app_label": "auth", "model": "user"}}, {"model": "contenttypes.contenttype", "pk": 5, "fields": {"app_label": "contenttypes", "model": "contenttype"}}, {"model": "contenttypes.contenttype", "pk": 6, "fields": {"app_label": "sessions", "model": "session"}}, {"model": "contenttypes.contenttype", "pk": 7, "fields": {"app_label": "account", "model": "student"}}, {"model": "contenttypes.contenttype", "pk": 8, "fields": {"app_label": "account", "model": "studentgroup"}}, {"model": "contenttypes.contenttype", "pk": 9, "fields": {"app_label": "classroom", "model": "classroom"}}, {"model": "contenttypes.contenttype", "pk": 10, "fields": {"app_label": "classroom", "model": "classtime"}}, {"model": "contenttypes.contenttype", "pk": 11, "fields": {"app_label": "classroom", "model": "dayofweek"}}, {"model": "contenttypes.contenttype", "pk": 12, "fields": {"app_label": "classroom", "model": "classschedule"}}, {"model": "contenttypes.contenttype", "pk": 13, "fields": {"app_label": "progress", "model": "studenttask"}}, {"model": "contenttypes.contenttype", "pk": 14, "fields": {"app_label": "progress", "model": "studentattendance"}}, {"model": "contenttypes.contenttype", "pk": 15, "fields": {"app_label": "education", "model": "lesson"}}, {"model": "contenttypes.contenttype", "pk": 16, "fields": {"app_label": "education", "model": "task"}}, {"model": "contenttypes.contenttype", "pk": 17, "fields": {"app_label": "education", "model": "attendance"}}, {"model": "sessions.session", "pk": "y89xt174asgoaeut1tn80bd2sotvowoo", "fields": {"session_data": ".eJxVjEEOwiAQRe_C2hAoDLQu3XsGMsyAVA0kpV0Z765NutDtf-_9lwi4rSVsPS1hZnEWWpx-t4j0SHUHfMd6a5JaXZc5yl2RB-3y2jg9L4f7d1Cwl29tMCqfODtyoIm8S8wRnLOoR1A0eBUhAVrDpJR3qCdjyVszqTxyhkG8P_I2N8g:1sx0GG:8f3JrOhD2EhkiGN-xS3or7kzaBzHtI2akcP4MouWjAs", "expire_date": "2024-10-19T08:35:36.137Z"}}, {"model": "account.student", "pk": 1, "fields": {"created_at": "2024-10-05T08:35:52.084Z", "updated_at": "2024-10-05T08:35:52.084Z", "first_name": "andrey", "last_name": "andrey", "phone_number": "+996777111220"}}, {"model": "account.student", "pk": 2, "fields": {"created_at": "2024-10-05T08:36:05.254Z", "updated_at": "2024-10-05T08:36:05.254Z", "first_name": "liza", "last_name": "liza", "phone_number": "+996777111221"}}, {"model": "account.student", "pk": 3, "fields": {"created_at": "2024-10-05T08:36:17.992Z", "updated_at": "2024-10-05T08:36:17.992Z", "first_name": "lesha", "last_name": "lesha", "phone_number": "+996777111222"}}, {"model": "account.student", "pk": 4, "fields": {"created_at": "2024-10-05T08:36:33.205Z", "updated_at": "2024-10-05T08:36:33.205Z", "first_name": "sanya", "last_name": "sanya", "phone_number": "+996777111223"}}, {"model": "account.studentgroup", "pk": 1, "fields": {"created_at": "2024-10-05T08:40:55.299Z", "updated_at": "2024-10-05T08:40:55.299Z", "name": "nachinaushie", "description": "nachinaushie", "classroom": 1, "class_schedule": 1, "class_time": 1, "students": [1, 2]}}, {"model": "account.studentgroup", "pk": 2, "fields": {"created_at": "2024-10-05T08:41:22.063Z", "updated_at": "2024-10-05T08:41:22.063Z", "name": "prodoljaushie", "description": "prodoljaushie", "classroom": 2, "class_schedule": 2, "class_time": 2, "students": [2, 4]}}, {"model": "account.studentgroup", "pk": 3, "fields": {"created_at": "2024-10-05T08:42:21.169Z", "updated_at": "2024-10-05T08:42:21.169Z", "name": "deti", "description": "deti", "classroom": 3, "class_schedule": 3, "class_time": 3, "students": [1, 3, 2, 4]}}, {"model": "classroom.dayofweek", "pk": 1, "fields": {"created_at": "2024-10-05T08:37:00.994Z", "updated_at": "2024-10-05T08:37:00.995Z"}}, {"model": "classroom.dayofweek", "pk": 2, "fields": {"created_at": "2024-10-05T08:37:21.453Z", "updated_at": "2024-10-05T08:37:21.453Z"}}, {"model": "classroom.dayofweek", "pk": 3, "fields": {"created_at": "2024-10-05T08:37:24.602Z", "updated_at": "2024-10-05T08:37:24.602Z"}}, {"model": "classroom.dayofweek", "pk": 4, "fields": {"created_at": "2024-10-05T08:37:29.180Z", "updated_at": "2024-10-05T08:37:29.180Z"}}, {"model": "classroom.dayofweek", "pk": 5, "fields": {"created_at": "2024-10-05T08:37:32.933Z", "updated_at": "2024-10-05T08:37:32.933Z"}}, {"model": "classroom.dayofweek", "pk": 6, "fields": {"created_at": "2024-10-05T08:37:37.357Z", "updated_at": "2024-10-05T08:37:37.357Z"}}, {"model": "classroom.dayofweek", "pk": 7, "fields": {"created_at": "2024-10-05T08:37:42.419Z", "updated_at": "2024-10-05T08:37:42.419Z"}}, {"model": "classroom.classroom", "pk": 1, "fields": {"created_at": "2024-10-05T08:36:47.276Z", "updated_at": "2024-10-05T08:36:47.276Z", "name": "kab1", "description": "kab1"}}, {"model": "classroom.classroom", "pk": 2, "fields": {"created_at": "2024-10-05T08:37:56.651Z", "updated_at": "2024-10-05T08:37:56.651Z", "name": "kab2", "description": "kab2"}}, {"model": "classroom.classroom", "pk": 3, "fields": {"created_at": "2024-10-05T08:38:01.686Z", "updated_at": "2024-10-05T08:38:01.686Z", "name": "kab3", "description": "kab3"}}, {"model": "classroom.classschedule", "pk": 1, "fields": {"created_at": "2024-10-05T08:37:04.103Z", "updated_at": "2024-10-05T08:38:17.045Z", "name": "pn-sr-pt", "description": "pn-sr-pt", "days": [1, 3, 5]}}, {"model": "classroom.classschedule", "pk": 2, "fields": {"created_at": "2024-10-05T08:38:29.894Z", "updated_at": "2024-10-05T08:38:29.894Z", "name": "vt-cht-sb", "description": "vt-cht-sb", "days": [2, 4, 6]}}, {"model": "classroom.classschedule", "pk": 3, "fields": {"created_at": "2024-10-05T08:38:46.291Z", "updated_at": "2024-10-05T08:38:46.292Z", "name": "vyhodnye", "description": "vyhodnye", "days": [6, 7]}}, {"model": "classroom.classtime", "pk": 1, "fields": {"created_at": "2024-10-05T08:39:10.357Z", "updated_at": "2024-10-05T08:39:10.357Z", "name": "utro", "description": "utro", "start_time": "10:00:00", "end_time": "12:00:00"}}, {"model": "classroom.classtime", "pk": 2, "fields": {"created_at": "2024-10-05T08:39:30.619Z", "updated_at": "2024-10-05T08:39:30.619Z", "name": "vecher", "description": "vecher", "start_time": "18:00:00", "end_time": "20:00:00"}}, {"model": "classroom.classtime", "pk": 3, "fields": {"created_at": "2024-10-05T08:40:09.035Z", "updated_at": "2024-10-05T08:40:09.035Z", "name": "budni", "description": "budni", "start_time": "13:00:00", "end_time": "15:00:00"}}, {"model": "progress.studenttask", "pk": 1, "fields": {"created_at": "2024-10-05T09:17:06.348Z", "updated_at": "2024-10-05T09:22:19.265Z", "task": 1, "student": 2, "passed": true, "mark": 32}}, {"model": "progress.studenttask", "pk": 2, "fields": {"created_at": "2024-10-05T09:17:06.349Z", "updated_at": "2024-10-05T09:21:23.917Z", "task": 1, "student": 4, "passed": true, "mark": 43}}, {"model": "progress.studentattendance", "pk": 1, "fields": {"created_at": "2024-10-05T09:03:25.167Z", "updated_at": "2024-10-05T09:23:44.852Z", "student": 2, "attendance": 1, "skipped": false, "late": 32}}, {"model": "progress.studentattendance", "pk": 2, "fields": {"created_at": "2024-10-05T09:03:25.168Z", "updated_at": "2024-10-05T09:07:55.888Z", "student": 4, "attendance": 1, "skipped": false, "late": 99}}, {"model": "education.lesson", "pk": 1, "fields": {"created_at": "2024-10-05T09:02:42.047Z", "updated_at": "2024-10-05T09:02:42.047Z", "student_group": 2, "topic": "lesson1", "body": "lesson1lesson1"}}, {"model": "education.lesson", "pk": 2, "fields": {"created_at": "2024-10-05T09:36:58.232Z", "updated_at": "2024-10-05T09:36:58.232Z", "student_group": 2, "topic": "test2urok", "body": "hahaha"}}, {"model": "education.lesson", "pk": 3, "fields": {"created_at": "2024-10-05T09:37:34.158Z", "updated_at": "2024-10-05T09:37:34.158Z", "student_group": 2, "topic": "test2", "body": "dfdfdfd"}}, {"model": "education.lesson", "pk": 4, "fields": {"created_at": "2024-10-05T09:41:58.117Z", "updated_at": "2024-10-05T09:41:58.117Z", "student_group": 2, "topic": "sdf", "body": "lplpl"}}, {"model": "education.lesson", "pk": 5, "fields": {"created_at": "2024-10-05T09:43:38.850Z", "updated_at": "2024-10-05T09:43:38.850Z", "student_group": 2, "topic": "sdfsdf", "body": "sdf"}}, {"model": "education.lesson", "pk": 6, "fields": {"created_at": "2024-10-05T09:44:32.530Z", "updated_at": "2024-10-05T09:44:32.530Z", "student_group": 2, "topic": "sdf", "body": "as"}}, {"model": "education.lesson", "pk": 7, "fields": {"created_at": "2024-10-05T09:46:38.655Z", "updated_at": "2024-10-05T09:46:38.655Z", "student_group": 2, "topic": "sd", "body": "sd"}}, {"model": "education.lesson", "pk": 8, "fields": {"created_at": "2024-10-05T09:49:36.784Z", "updated_at": "2024-10-05T09:49:36.784Z", "student_group": 2, "topic": "dsf", "body": "ff"}}, {"model": "education.lesson", "pk": 9, "fields": {"created_at": "2024-10-05T09:54:03.359Z", "updated_at": "2024-10-05T09:54:03.359Z", "student_group": 2, "topic": "asd", "body": "sad"}}, {"model": "education.lesson", "pk": 10, "fields": {"created_at": "2024-10-05T09:56:45.078Z", "updated_at": "2024-10-05T09:56:45.078Z", "student_group": 2, "topic": "asd", "body": "zxc"}}, {"model": "education.task", "pk": 1, "fields": {"created_at": "2024-10-05T09:02:55.199Z", "updated_at": "2024-10-05T09:02:55.199Z", "lesson": 1, "body": "task_lesson1task_lesson1task_lesson1"}}, {"model": "education.task", "pk": 2, "fields": {"created_at": "2024-10-05T09:37:34.160Z", "updated_at": "2024-10-05T09:37:34.160Z", "lesson": 3, "body": "kek, lol, cheburek"}}, {"model": "education.task", "pk": 3, "fields": {"created_at": "2024-10-05T09:41:58.120Z", "updated_at": "2024-10-05T09:41:58.120Z", "lesson": 4, "body": "fsdfsdf"}}, {"model": "education.task", "pk": 4, "fields": {"created_at": "2024-10-05T09:43:38.854Z", "updated_at": "2024-10-05T09:43:38.854Z", "lesson": 5, "body": "sdf"}}, {"model": "education.task", "pk": 5, "fields": {"created_at": "2024-10-05T09:44:32.531Z", "updated_at": "2024-10-05T09:44:32.531Z", "lesson": 6, "body": "sd"}}, {"model": "education.task", "pk": 6, "fields": {"created_at": "2024-10-05T09:46:38.657Z", "updated_at": "2024-10-05T09:46:38.657Z", "lesson": 7, "body": "ds"}}, {"model": "education.task", "pk": 7, "fields": {"created_at": "2024-10-05T09:49:36.787Z", "updated_at": "2024-10-05T09:49:36.787Z", "lesson": 8, "body": "dg"}}, {"model": "education.task", "pk": 8, "fields": {"created_at": "2024-10-05T09:54:03.362Z", "updated_at": "2024-10-05T09:54:03.362Z", "lesson": 9, "body": "12"}}, {"model": "education.task", "pk": 9, "fields": {"created_at": "2024-10-05T09:56:45.081Z", "updated_at": "2024-10-05T09:56:45.081Z", "lesson": 10, "body": "23"}}, {"model": "education.attendance", "pk": 1, "fields": {"created_at": "2024-10-05T09:03:13.116Z", "updated_at": "2024-10-05T09:03:13.116Z", "lesson": 1, "student_group": 2}}]